
{
  "categorias": [
    {
      "título": "Front End",
      "link": "https://www.alura.com.br/formacao-front-end",
      "color": "#6BD1FF",
      "link_extra": {
        "text": "Formación de Front End en Alura",
        "url": "https://www.alura.com.br/cursos-online-front-end"
      },
      "videos": [
        {
          "título": "¿Qué hace un desarrollador front-end? #HipstersPuntoTube",
          "url": "https://www.youtube.com/watch?v=ZY3-MFxVdEw"
        },
        {
          "título": "Componentización con VanillaJS #AluraMás",
          "url": "https://www.youtube.com/watch?v=LatCKpcOMak"
        },
        {
          "título": "Deja de adivinar y aprende a display: inline #01",
          "url": "https://www.youtube.com/watch?v=5PS6ku8NzIE"
        },
        {
          "título": "Template String: Interpolando strings con JavaScript #AluraMás",
          "url": "https://www.youtube.com/watch?v=ORI_HTXaIw0"
        },
        {
          "título": "¿Cuál es el mejor lenguaje de programación? #HipstersPuntoTube",
          "url": "https://www.youtube.com/watch?v=Uh-GNH-t89w"
        },
        {
          "título": "Novedades de Angular v9",
          "url": "https://www.youtube.com/watch?v=34uHo7hFmG0"
        }
      ]
    },
    {
      "título": "Back End",
      "color": "#00C86F",
      "link_extra": {
        "text": "Cursos de Back End en Alura",
        "url": "https://www.alura.com.br/cursos-online-programacao"
      },
      "videos": [
        {
          "título": "RECORRIDO en NIVEL en ÁRBOL BINARIO | Estructuras de Datos #14",
          "url": "https://www.youtube.com/watch?v=UOK7nS2E9xM"
        },
        {
          "título": "Coders4Tips - S01E04: GitHub CLI - ¡Una Nueva Experiencia en Github!",
          "url": "https://www.youtube.com/watch?v=6o6-bKOZOEY"
        },
        {
          "título": "Programé 4 robots que crean videos para mí en YouTube",
          "url": "https://www.youtube.com/watch?v=kjhu1LEmRpY"
        },
        {
          "título": "API: Diccionario del Programador",
          "url": "https://www.youtube.com/watch?v=vGuqKIRWosk"
        }, 
        {
          "título": "Usando Git Correctamente",
          "url": "https://www.youtube.com/watch?v=6OokP-NE49k"
        }
      ]
    },
    {
      "título": "Data Science e Inteligencia Artificial",
      "color": "#9cd33b",
      "link_extra": {
        "text": "Cursos de Data Science en Alura",
        "url": "https://www.alura.com.br/formacao-data-science"
      },
      "videos": [
        {
          "título": "Test de Turing",
          "url": "https://www.youtube.com/watch?v=BaPGU4JWa34"
        },
        {
          "título": "¿Qué es Data Science?",
          "url": "https://www.youtube.com/watch?v=5b9Z8toVaAU&t=9s"
        },
        {
          "título": "La mejor manera de aprender Python",
          "url": "https://www.youtube.com/watch?v=Gojqw9BQ5qY"
        },
        {
          "título": "¿Cómo ingresar al mercado de Data Science?",
          "url": "https://www.youtube.com/watch?v=gxyjGmOV540"
        }
      ]
    },
    {
      "título": "Películas",
      "color": "blue",
      "videos": [
        
      ]
    },
    {
      "título": "Juegos",
      "color": "red",
      "link_extra": {
        "text": "Formación de Juegos en Alura",
        "url": "https://www.alura.com.br/formacao-jogos-unity"
      },
      "videos": [
        {
          "título": "Final Fantasy 7",
          "url": "https://www.youtube.com/watch?v=I_ATSCTnUD8"
        },
        {
          "título": "Pokémon Let's Go Pikachu/Eevee",
          "url": "https://www.youtube.com/watch?v=L56q_k2ydrs"
        }
      ]
    },
    {
      "título": "Aprendiendo a aprender tecnología",
      "color": "#6b5be2",
      "link_extra": {
        "text": "Curso sobre aprendizaje en Alura",
        "url": "https://alura.com.br/curso-online-aprender-a-aprender-tecnicas-para-seu-autodesenvolvimento"
      },
      "videos": [
        {
          "título": "¿Cómo estudiar mejor?",
          "url": "https://www.youtube.com/watch?v=Is6c9KSGCbk&feature=youtu.be"
        },
        {
          "título": "Universidad",
          "url": "https://www.youtube.com/watch?v=jw06H8esyzQ&feature=youtu.be"
        },
        {
          "título": "Frameworks",
          "url": "https://www.youtube.com/watch?v=QzDjdlF1BQI"
        },
        {
          "título": "La magia del Aprendizaje",
          "url": "https://www.youtube.com/watch?v=oTEXzpfEpPY"
        },
        {
          "título": "¿Cómo aprender a programar?",
          "url": "https://www.youtube.com/watch?v=MwCx2qKdbDw&feature=youtu.be"
        }
      ]
    }
  ]
}
